City,Cloudiness,Country,Date,Humidity,Lat,Lng,Max Temp,Wind Speed
chokurdakh,12,RU,1521441114,30,70.62,147.9,-20.54,3.94
kruisfontein,76,ZA,1521441114,91,-34.0,24.73,66.94,18.03
butaritari,36,KI,1521441115,100,3.07,172.79,83.14,7.85
hobart,75,AU,1521438240,42,-42.88,147.33,62.6,18.34
bluff,0,AU,1521441116,42,-23.58,149.07,91.42,9.08
ossora,8,RU,1521441116,82,59.24,163.07,7.81,8.97
port blair,0,IN,1521441117,100,11.67,92.75,83.14,9.19
norman wells,90,CA,1521439200,92,65.28,-126.83,12.2,4.7
auki,8,NG,1521441118,58,12.18,6.51,61.54,2.71
hilo,90,US,1521439200,88,19.71,-155.08,73.4,5.82
pangai,20,TO,1521435600,74,-19.8,-174.35,82.4,5.82
antalaha,8,MG,1521441119,96,-14.9,50.28,81.7,10.65
champerico,5,MX,1521438000,56,16.38,-93.6,73.4,1.25
atuona,80,PF,1521441120,99,-9.8,-139.03,82.06,20.6
manaure,12,CO,1521441120,98,11.78,-72.45,77.74,19.82
cacapava do sul,44,BR,1521441121,92,-30.51,-53.49,62.89,12.77
calabozo,0,VE,1521441121,54,8.92,-67.43,77.74,13.44
santo domingo,40,DO,1521439200,94,18.48,-69.94,69.8,2.15
georgetown,0,GY,1521435600,94,6.8,-58.16,69.8,4.61
torbay,90,CA,1521439200,86,47.66,-52.73,28.4,25.28
weinan,90,CN,1521439200,87,34.5,109.46,51.8,4.47
new norfolk,75,AU,1521438240,42,-42.78,147.06,62.6,18.34
ribeira grande,76,PT,1521441125,96,38.52,-28.7,63.16,11.77
florence,75,US,1521440100,81,34.8,-87.68,53.6,4.7
hermanus,76,ZA,1521441126,96,-34.42,19.24,60.19,3.6
mataura,80,NZ,1521441126,60,-46.19,168.86,71.89,20.71
pavino,0,RU,1521439200,98,55.02,82.61,32.0,20.13
severo-kurilsk,88,RU,1521441127,100,50.68,156.12,25.99,11.77
cape town,20,ZA,1521439200,77,-33.93,18.42,66.2,13.87
ushuaia,40,AR,1521439200,100,-54.81,-68.31,35.6,14.99
zyryanka,64,RU,1521441128,35,65.73,150.89,-9.56,7.96
castro,92,CL,1521441129,98,-42.48,-73.76,52.72,5.5
miles city,90,US,1521439320,92,46.41,-105.84,30.2,9.17
labuan,75,BN,1521439200,79,5.28,115.24,87.8,3.36
salalah,0,OM,1521438600,65,17.01,54.1,80.6,5.82
tigzirt,92,DZ,1521441131,100,36.57,4.2,42.82,4.72
mehamn,90,NO,1521438600,92,71.03,27.85,26.6,29.97
pisco,0,PE,1521439200,77,-13.71,-76.2,69.8,2.71
hambantota,20,LK,1521441132,93,6.12,81.12,85.3,10.09
pevek,36,RU,1521441132,74,69.7,170.27,-11.0,7.52
east london,0,ZA,1521440160,73,-33.02,27.91,69.8,9.17
barrow,0,AR,1521441134,86,-38.31,-60.23,50.11,10.31
qaanaaq,0,GL,1521441134,58,77.48,-69.36,-20.36,8.75
punta arenas,0,CL,1521439200,74,-53.16,-70.91,35.6,11.41
fayetteville,90,US,1521439500,100,36.06,-94.16,53.6,8.05
qasigiannguit,0,GL,1521438600,85,68.82,-51.19,15.8,3.36
palmas,24,BR,1521441136,96,-10.18,-48.33,71.8,2.71
tessalit,8,ML,1521441136,21,20.2,1.01,51.64,8.19
shelbyville,1,US,1521438900,93,39.41,-88.79,39.2,9.19
maragogi,100,BR,1521441137,94,-9.01,-35.22,75.58,3.6
rikitea,56,PF,1521441138,100,-23.12,-134.97,79.63,17.92
russell,0,AR,1521439200,62,-33.01,-68.8,53.6,3.36
nikolskoye,90,RU,1521439200,93,59.7,30.79,32.0,15.66
souillac,0,FR,1521439200,93,45.6,-0.6,37.4,6.93
qaqortoq,76,GL,1521438600,36,60.72,-46.03,46.4,36.91
ilulissat,0,GL,1521438600,85,69.22,-51.1,15.8,3.36
el sauzal,90,AR,1521439200,93,-24.3,-64.96,60.8,10.29
vaini,0,IN,1521441143,63,15.34,74.49,86.74,3.49
puerto ayora,88,EC,1521441143,100,-0.74,-90.35,77.02,3.71
ketchikan,90,US,1521439560,87,55.34,-131.65,42.8,4.83
lebu,76,ET,1521441144,74,8.96,38.73,58.66,3.83
saskylakh,76,RU,1521441145,75,71.97,114.09,-11.63,19.26
sola,0,FI,1521438600,85,62.78,29.36,24.8,5.82
batagay-alyta,48,RU,1521441146,77,67.8,130.41,-9.02,4.16
tiksi,0,RU,1521441146,58,71.64,128.87,-19.91,4.27
albany,90,US,1521438840,38,42.65,-73.75,24.8,5.82
buala,24,SB,1521441149,100,-8.15,159.59,78.91,2.82
kahului,90,US,1521438960,94,20.89,-156.47,69.8,13.87
kapaa,90,US,1521438960,83,22.08,-159.32,73.4,19.46
port alfred,0,ZA,1521441150,90,-33.59,26.89,67.93,17.36
marsh harbour,0,BS,1521440917,100,26.54,-77.06,71.89,5.61
nyurba,92,RU,1521441151,68,63.29,118.35,9.79,6.51
ust-ishim,88,RU,1521441152,96,57.69,71.17,34.99,17.92
nome,90,US,1521440100,94,30.04,-94.42,71.6,8.05
yeppoon,24,AU,1521439200,49,-23.13,150.74,89.6,9.17
bathsheba,20,BB,1521439200,73,13.22,-59.52,77.0,14.99
codrington,0,AU,1521441154,67,-28.95,153.24,84.31,3.71
cidreira,88,BR,1521441155,96,-30.17,-50.22,73.24,11.65
saint-francois,90,FR,1521439200,86,46.42,3.91,33.8,2.93
clyde river,90,CA,1521439200,69,70.47,-68.59,-13.01,9.17
port-gentil,20,GA,1521439200,94,-0.72,8.78,75.2,6.93
sosnovo-ozerskoye,8,RU,1521441157,81,52.53,111.54,32.2,3.94
cherskiy,20,RU,1521441158,60,68.75,161.3,-6.86,9.19
bredasdorp,20,ZA,1521439200,77,-34.53,20.04,68.0,9.17
rio gallegos,40,AR,1521439200,64,-51.62,-69.22,39.2,10.29
katherine,0,AU,1521439200,46,-14.47,132.26,91.4,8.05
victoria,75,BN,1521439200,79,5.28,115.24,87.8,3.36
brae,92,GB,1521438600,80,60.4,-1.35,39.2,12.75
dabra,8,IN,1521439200,19,25.88,78.33,91.4,4.61
vestmannaeyjar,64,IS,1521441161,93,63.44,-20.27,41.92,10.76
caxito,8,BR,1521441162,100,-22.65,-42.51,69.64,4.94
san isidro,0,PH,1521441164,77,16.74,121.63,85.39,4.38
kavaratti,12,IN,1521441164,100,10.57,72.64,82.51,10.54
svetlogorsk,0,RU,1521439200,60,53.14,59.15,6.8,22.37
busselton,0,AU,1521441165,80,-33.64,115.35,76.57,6.62
dikson,68,RU,1521441166,100,73.51,80.55,-9.47,22.39
thompson,40,CA,1521439200,53,55.74,-97.86,-4.01,2.24
khani,40,GE,1521439200,35,41.96,42.96,69.8,17.22
chuy,0,UY,1521441168,90,-33.69,-53.46,63.43,22.06
tuktoyaktuk,56,CA,1521439200,84,69.44,-133.03,-7.61,10.29
mar del plata,0,AR,1521441079,57,-46.43,-67.52,57.94,24.07
bellegarde-sur-valserine,75,FR,1521439200,100,46.11,5.83,35.6,2.71
esperance,20,TT,1521435600,88,10.24,-61.45,71.6,5.5
madinat sittah uktubar,0,EG,1521437400,26,29.82,31.05,71.6,4.7
sitka,88,US,1521441171,91,37.17,-99.65,51.37,13.78
mackay,1,CA,1521439200,92,53.65,-115.58,24.8,4.7
tornio,75,FI,1521438600,86,61.12,27.27,32.0,10.29
dunedin,0,NZ,1521441172,57,-45.87,170.5,70.27,11.77
port lincoln,76,AU,1521441172,82,-34.72,135.86,69.1,15.23
kungurtug,0,RU,1521441173,59,50.6,97.53,35.62,3.38
bilibino,44,RU,1521441173,64,68.06,166.44,-4.7,6.17
faanui,68,PF,1521441174,100,-16.48,-151.75,82.24,16.58
kangaatsiaq,12,GL,1521441174,91,68.31,-53.46,14.02,6.62
paamiut,12,GL,1521441175,71,61.99,-49.67,37.06,6.4
saint-augustin,92,FR,1521439200,100,44.83,-0.61,39.2,5.82
bambous virieux,75,MU,1521439200,83,-20.34,57.76,82.4,14.99
lazaro cardenas,32,MX,1521441177,18,28.39,-105.62,57.85,8.41
port hedland,0,AU,1521439200,15,-20.31,118.58,109.4,16.11
kaitangata,12,NZ,1521441177,53,-46.28,169.85,73.42,13.0
avarua,64,CK,1521441178,100,-21.21,-159.78,81.52,7.63
shiyan,88,CN,1521440900,85,32.65,110.78,47.5,3.04
saint george,20,GR,1521438600,76,39.45,22.34,50.0,3.36
arraial do cabo,12,BR,1521441179,99,-22.97,-42.02,76.39,14.56
otradnoye,90,RU,1521439200,93,59.77,30.8,32.0,15.66
mogadishu,75,SO,1521439200,79,2.04,45.34,86.0,13.87
sisauli,8,IN,1521441181,50,29.42,77.47,81.7,4.61
beirut,40,LB,1521439200,28,33.9,35.48,73.4,2.24
aklavik,90,CA,1521439200,77,68.22,-135.01,-0.41,6.93
bethel,90,US,1521439200,92,60.79,-161.76,32.0,10.29
beringovskiy,80,RU,1521441183,90,63.05,179.32,9.43,24.07
bereda,75,ES,1521439200,81,43.27,-7.54,46.4,13.87
khatanga,56,RU,1521441185,84,71.98,102.47,-9.29,11.21
berlevag,90,NO,1521438600,92,70.86,29.09,23.0,29.97
haines junction,0,CA,1521441186,73,60.75,-137.51,9.7,2.04
sao filipe,0,CV,1521441187,94,14.9,-24.5,70.45,16.02
isla mujeres,20,MX,1521438300,88,21.23,-86.73,77.0,6.93
sao jose da coroa grande,100,BR,1521441188,94,-8.9,-35.15,75.58,3.6
bilma,0,NE,1521441189,32,18.69,12.92,58.3,2.93
faenza,75,IT,1521438900,86,44.29,11.88,42.8,12.75
vizinga,68,RU,1521441190,73,61.08,50.08,9.97,12.44
santa isabel do rio negro,44,BR,1521441191,82,-0.41,-65.02,79.36,5.73
balacita,90,RO,1521439200,85,44.38,23.13,24.8,16.11
luena,76,AO,1521441192,100,-11.78,19.91,63.61,3.6
patitirion,20,GR,1521438600,71,39.15,23.87,55.4,8.19
olga,1,US,1521439080,66,34.11,-118.17,57.2,2.15
santa fe,0,AR,1521441194,85,-31.62,-60.7,52.72,5.39
zeya,20,RU,1521441194,37,53.74,127.27,14.56,7.96
westport,75,IE,1521439200,100,53.8,-9.52,30.2,9.17
khasan,0,RU,1521441195,66,42.43,130.64,35.44,12.88
alice springs,12,AU,1521439200,21,-23.7,133.88,91.4,14.99
beaucaire,0,FR,1521439200,69,43.81,4.64,44.6,6.93
luancheng,0,CN,1521439200,33,37.88,114.65,59.0,8.95
tasiilaq,92,GL,1521438600,95,65.61,-37.64,32.0,15.23
zapolyarnyy,40,RU,1521438600,85,69.43,30.82,21.2,14.99
kochi,20,IN,1521439200,62,9.96,76.25,89.6,5.82
hithadhoo,88,MV,1521441198,98,-0.6,73.08,85.3,10.42
porto uniao,8,BR,1521441199,91,-26.24,-51.08,65.59,2.04
ajuchitlan,0,MX,1521441199,42,20.72,-100.02,48.58,3.83
dingle,20,PH,1521441200,64,11.0,122.67,87.1,12.77
fairbanks,90,US,1521439080,92,64.84,-147.72,26.6,2.71
airai,36,TL,1521441201,95,-8.93,125.41,76.39,0.92
port elizabeth,1,US,1521438900,69,39.31,-74.98,37.4,5.82
quesnel,1,CA,1521439200,92,52.98,-122.49,28.4,1.36
tafalla,40,ES,1521439200,80,42.53,-1.67,39.2,3.36
kvarkeno,0,RU,1521441203,75,52.08,59.73,12.85,16.91
yellowknife,75,CA,1521439200,62,62.45,-114.38,21.2,13.87
friesoythe,0,DE,1521438600,57,53.02,7.86,24.8,11.41
saint-philippe,1,CA,1521440100,43,45.36,-73.48,12.2,6.93
biskamzha,0,RU,1521441204,69,53.45,89.53,39.94,2.82
san luis,0,AR,1521440957,46,-33.3,-66.34,45.88,3.6
la peca,48,PE,1521441206,95,-5.61,-78.44,62.17,1.14
le port,0,FR,1521441207,74,42.87,1.37,5.74,1.7
carutapera,80,BR,1521441208,88,-1.2,-46.02,79.45,5.84
abu samrah,0,SY,1521441209,52,35.3,37.18,60.64,2.71
honiara,75,SB,1521439200,79,-9.43,159.96,84.2,6.93
anadyr,90,RU,1521439200,84,64.73,177.51,1.4,11.18
moose factory,90,CA,1521439200,83,51.26,-80.61,-4.01,4.7
nelson bay,0,AU,1521437400,61,-32.72,152.14,82.4,10.29
geraldton,5,CA,1521439200,63,49.72,-86.95,-7.61,2.24
mandalgovi,8,MN,1521441213,76,45.76,106.27,43.99,8.75
sept-iles,75,CA,1521439200,48,50.2,-66.38,17.6,9.17
tuatapere,68,NZ,1521441214,82,-46.13,167.69,66.4,15.23
narasannapeta,0,IN,1521441215,39,18.42,84.04,95.38,4.94
kez,0,RU,1521441215,70,57.9,53.72,0.97,15.35
kroya,0,ID,1521441216,87,-6.5,108.06,83.77,2.59
hegra,75,NO,1521438600,86,63.46,11.11,33.8,16.11
chateaubelair,20,VC,1521439200,74,13.28,-61.25,78.8,16.11
hatillo,68,PR,1521441218,100,18.49,-66.83,72.97,1.92
provideniya,68,RU,1521441219,99,64.42,-173.23,25.0,10.2
ulladulla,0,AU,1521439200,7,-35.36,150.48,89.6,16.11
samarai,92,PG,1521441220,100,-10.62,150.67,78.82,7.4
galeana,0,MX,1521441220,57,24.83,-100.08,45.52,3.38
salinopolis,80,BR,1521441221,100,-0.61,-47.36,80.26,9.42
portland,20,US,1521440220,87,45.52,-122.67,44.6,6.93
matamoros,90,US,1521440100,94,25.87,-97.51,75.2,13.87
sabang,92,PH,1521441222,94,13.72,123.58,79.54,6.96
tadotsu,75,JP,1521440340,100,34.27,133.75,55.4,4.7
cabo san lucas,5,MX,1521438060,72,22.89,-109.91,64.4,8.05
faya,0,SA,1521439200,26,18.39,42.45,71.6,9.17
saint-gaudens,75,FR,1521439200,93,43.11,0.72,35.6,4.7
raudeberg,75,NO,1521438600,93,61.99,5.14,41.0,20.8
zhigansk,32,RU,1521441228,36,66.77,123.37,-10.28,7.4
mabaruma,0,GY,1521441228,90,8.2,-59.78,74.32,6.17
lesnyye polyany,0,RU,1521439200,66,55.97,37.87,15.8,11.18
mnogovershinnyy,32,RU,1521441230,44,53.94,139.92,8.17,9.08
matou,92,CN,1521441230,100,23.33,107.58,69.46,4.16
hofn,0,IS,1521441231,98,64.25,-15.21,36.16,10.2
karibib,68,NA,1521441231,98,-21.94,15.86,65.5,4.16
vila velha,40,BR,1521439200,83,-3.71,-38.6,80.6,4.7
puerto baquerizo moreno,20,EC,1521441232,100,-0.9,-89.6,79.09,2.37
bowen,90,AU,1521439200,78,-20.01,148.25,82.4,17.22
avera,90,US,1521438900,72,33.19,-82.53,60.8,4.7
kysyl-syr,56,RU,1521441234,59,63.9,122.77,-1.73,5.95
lata,0,IN,1521441235,55,30.78,78.62,59.56,1.92
forrest city,76,US,1521440100,93,35.01,-90.79,50.0,5.61
kudahuvadhoo,0,MV,1521441237,100,2.67,72.89,84.58,11.54
hamilton,40,BM,1521438900,72,32.3,-64.78,62.6,11.41
lompoc,1,US,1521439080,87,34.64,-120.46,46.4,3.71
surok,68,PH,1521441239,90,11.63,125.42,80.98,7.18
touros,88,BR,1521441240,83,-5.2,-35.46,80.89,7.74
aquin,76,HT,1521441240,100,18.28,-73.39,75.94,7.96
tautira,75,PF,1521441000,78,-17.73,-149.15,77.0,6.93
athabasca,0,CA,1521441241,66,54.72,-113.29,11.5,6.96
flinders,0,AU,1521439200,7,-34.58,150.85,89.6,16.11
jamestown,0,AU,1521441242,46,-33.21,138.6,74.32,11.21
saint-pierre,90,FR,1521439200,92,48.95,4.24,30.2,4.7
hamada,75,JP,1521439200,100,34.9,132.08,55.4,8.05
hammond,90,US,1521439740,100,30.5,-90.46,71.6,3.36
seoul,90,KR,1521439200,53,37.57,126.98,51.8,9.17
kavieng,88,PG,1521441246,100,-2.57,150.8,83.86,11.77
cabedelo,20,BR,1521435600,88,-6.97,-34.84,73.4,6.51
kristianstad,0,SE,1521438600,92,56.03,14.16,15.8,2.24
sangueya,20,GN,1521441248,95,10.7,-14.37,68.47,2.71
mahebourg,75,MU,1521439200,83,-20.41,57.7,82.4,14.99
torrington,90,US,1521438780,74,42.06,-104.18,33.8,17.22
berdigestyakh,20,RU,1521441250,48,62.1,126.7,2.14,4.61
estepa,0,ES,1521439200,93,37.29,-4.88,46.4,5.82
bira,36,RU,1521441250,35,49.0,132.47,15.73,8.19
sobolevo,32,RU,1521441251,75,54.43,31.9,11.5,12.21
vysokovsk,0,RU,1521439200,66,56.32,36.55,15.8,11.18
boddam,0,GB,1521438600,86,57.47,-1.78,28.4,9.17
carnarvon,0,ZA,1521441242,58,-30.97,22.13,50.74,2.59
rantepao,32,ID,1521441253,77,-2.97,119.9,79.99,2.37
humaita,90,AR,1521439200,100,-24.93,-65.37,60.8,3.36
kanye,68,BW,1521441254,78,-24.98,25.34,65.32,10.65
gizo,0,IL,1521438600,40,31.8,34.94,69.8,1.12
tashla,0,RU,1521439200,65,53.71,49.75,3.2,4.47
dehui,0,CN,1521439200,23,44.53,125.71,30.2,11.18
venado tuerto,0,AR,1521441257,63,-33.75,-61.97,49.93,5.95
tommot,8,RU,1521441257,43,58.97,126.27,7.72,5.06
luderitz,0,NA,1521435600,82,-26.65,15.16,55.4,10.29
caravelas,76,BR,1521441258,100,-17.73,-39.27,81.34,13.11
rognan,75,NO,1521438600,89,67.1,15.4,33.8,24.16
trairi,44,BR,1521441260,100,-3.28,-39.27,82.06,12.1
tabas,68,IR,1521441229,100,33.6,56.92,48.49,4.16
jinka,44,ET,1521441261,79,5.79,36.57,69.46,2.15
ponta do sol,44,BR,1521441230,87,-20.63,-46.0,63.79,3.38
opuwo,44,NA,1521441264,88,-18.06,13.84,63.25,1.36
inhambane,0,MZ,1521441265,92,-23.87,35.38,78.1,9.08
mananjary,88,MG,1521441265,100,-19.16,46.8,64.06,4.61
at-bashi,76,KG,1521441265,79,41.17,75.81,33.64,2.71
husavik,48,CA,1521441266,86,50.56,-96.99,20.32,9.98
severo-yeniseyskiy,24,RU,1521441267,54,60.37,93.04,35.44,6.4
deputatskiy,0,RU,1521441267,76,69.3,139.9,-12.71,3.83
palestina,75,EC,1521439200,83,-1.63,-79.98,78.8,5.82
pangody,88,RU,1521441268,84,65.85,74.49,2.77,13.89
te anau,80,NZ,1521441269,83,-45.41,167.72,62.08,16.46
camacha,40,PT,1521439200,87,33.08,-16.33,60.8,11.41
kil,0,SE,1521438600,79,59.5,13.32,24.8,6.93
minab,20,IR,1521439200,57,27.15,57.07,77.0,13.87
pathein,0,MM,1521441271,50,16.78,94.73,93.31,7.74
ribeira brava,20,PT,1521439200,77,32.65,-17.07,59.0,4.7
talnakh,56,RU,1521441272,89,69.49,88.39,1.42,14.34
goure,0,NE,1521441272,27,13.98,10.27,63.16,5.95
birjand,90,IR,1521439200,87,32.86,59.22,44.6,4.16
bahadurganj,0,IN,1521441273,35,26.26,87.82,88.09,6.62
zigong,24,CN,1521441273,100,29.34,104.78,63.52,4.72
palembang,12,ID,1521441274,82,-2.99,104.76,89.71,4.16
vangaindrano,92,MG,1521441275,100,-23.35,47.6,72.97,7.63
lakes entrance,0,AU,1521441088,55,-37.88,147.99,77.29,8.41
camalu,32,MX,1521441276,97,30.85,-116.07,44.8,4.61
pitmoaga,32,BF,1521439200,54,12.24,-1.88,80.6,1.12
kununurra,40,AU,1521439200,63,-15.77,128.74,91.4,6.93
sorland,40,NO,1521438600,69,67.67,12.69,37.4,34.45
kodiak,90,US,1521438780,86,39.95,-94.76,41.0,5.82
pangoa,20,PE,1521441278,92,-12.12,-73.0,61.27,1.7
lorengau,32,PG,1521441279,100,-2.02,147.27,82.06,11.99
taoudenni,0,ML,1521441279,29,22.68,-3.98,49.84,2.71
danielskuil,8,ZA,1521441280,85,-28.19,23.54,62.98,14.79
karpathos,40,GR,1521438600,87,35.51,27.21,60.8,11.65
quelimane,75,MZ,1521439200,88,-17.88,36.89,77.0,12.75
iqaluit,20,CA,1521439200,71,63.75,-68.52,6.8,8.05
beruwala,0,LK,1521441282,100,6.48,79.98,82.06,1.92
muravlenko,88,RU,1521441283,95,63.79,74.5,27.79,13.56
narsaq,20,GL,1521438600,36,60.91,-46.05,46.4,36.91
roma,75,IT,1521438900,81,41.89,12.48,51.8,8.05
margate,75,AU,1521438240,42,-43.03,147.26,62.6,18.34
gazojak,0,TM,1521441285,87,41.19,61.4,51.73,5.17
kieta,88,PG,1521441228,100,-6.22,155.63,80.62,6.62
tomigusuku,40,JP,1521439200,64,26.18,127.67,77.0,12.75
katrineholm,0,SE,1521438600,63,59.0,16.21,28.4,13.87
ahipara,44,NZ,1521441287,81,-35.17,173.16,70.63,15.35
evensk,56,RU,1521441287,100,61.92,159.24,12.76,4.61
inuvik,90,CA,1521439200,77,68.36,-133.71,-0.41,6.93
malanje,88,AO,1521441288,97,-9.54,16.35,65.77,3.6
yulara,0,AU,1521439200,16,-25.24,130.99,95.0,11.41
polovinnoye,24,RU,1521441289,86,54.79,65.99,16.09,28.21
longyearbyen,20,NO,1521438600,65,78.22,15.63,3.2,20.8
broome,40,GB,1521438960,79,52.47,1.45,32.0,17.22
moranbah,44,AU,1521441047,48,-22.0,148.04,90.61,11.65
nara,75,JP,1521439200,72,34.68,135.8,62.6,4.7
lagoa,0,PT,1521439200,93,37.14,-8.45,50.0,5.82
labuhan,44,ID,1521441292,69,-2.54,115.51,87.01,2.37
sao joao da barra,0,BR,1521441292,98,-21.64,-41.05,79.81,18.03
xichang,48,CN,1521441293,38,27.88,102.25,57.67,2.04
vardo,1,US,1521440100,44,39.62,-77.74,42.8,3.94
vila franca do campo,75,PT,1521439200,100,37.72,-25.43,60.8,10.29
puerto carreno,24,CO,1521441294,78,6.19,-67.49,73.24,1.59
san juan,20,PR,1521438960,83,18.47,-66.12,75.2,4.7
klaksvik,92,FO,1521438600,75,62.23,-6.59,41.0,12.75
upington,0,ZA,1521439200,20,-28.46,21.24,66.2,4.7
lasa,0,CY,1521439200,52,34.92,32.53,69.8,4.7
skegness,75,GB,1521438600,100,53.14,0.34,33.8,13.87
salta,90,AR,1521439200,100,-24.79,-65.41,60.8,3.36
bubaque,20,GW,1521439200,88,11.28,-15.83,71.6,6.93
sosva,44,RU,1521441299,51,59.17,61.86,8.35,10.98
penzance,90,GB,1521438600,86,50.12,-5.53,30.2,16.11
tay ninh,8,VN,1521441300,72,11.3,106.1,89.62,4.94
santiago del estero,0,AR,1521441017,56,-27.8,-64.26,65.05,5.61
nusaybin,0,TR,1521439200,42,37.08,41.21,64.4,5.82
panjab,44,AF,1521441302,96,34.38,67.02,34.18,2.82
choma,68,ZM,1521441302,89,-16.81,26.98,66.04,6.85
riyadh,0,SA,1521439200,18,24.63,46.72,75.2,3.36
rocha,32,UY,1521441303,87,-34.48,-54.34,59.02,16.02
nangomba,0,TZ,1521441304,82,-10.9,38.52,80.89,5.61
pangkalanbuun,48,ID,1521441304,88,-2.68,111.62,87.73,3.71
gazli,24,UZ,1521441305,90,40.13,63.45,53.62,4.72
luanda,75,AO,1521439200,88,-8.83,13.24,77.0,8.05
shingu,75,JP,1521439200,77,33.72,135.99,62.6,9.17
fortuna,0,ES,1521439200,70,38.18,-1.13,48.2,5.82
talakan,44,RU,1521441307,37,50.29,130.28,15.64,12.66
znamenskoye,92,RU,1521441307,94,57.13,73.82,33.82,23.17
arawa,20,NG,1521441308,95,7.05,3.9,74.5,3.6
vanimo,0,PG,1521441309,99,-2.67,141.3,83.59,19.26
gaspe,75,CA,1521439200,62,48.83,-64.48,19.4,14.99
hagondange,90,FR,1521439200,79,49.25,6.17,28.4,14.99
ixtapa,5,MX,1521438000,100,20.71,-105.21,68.0,1.92
srednekolymsk,44,RU,1521441310,39,67.46,153.71,-12.08,6.4
cagliari,90,IT,1521438900,92,46.38,10.88,42.8,20.8
constitucion,0,MX,1521441311,42,23.99,-104.67,48.85,6.73
shimoda,75,JP,1521439200,68,34.7,138.93,64.4,16.11
sri aman,75,MY,1521439200,70,1.24,111.46,89.6,5.82
the valley,20,AI,1521439200,78,18.22,-63.06,77.0,3.36
nador,75,MA,1521439200,76,35.17,-2.93,57.2,11.41
mizdah,0,LY,1521441314,28,31.45,12.98,56.77,13.67
araouane,8,ML,1521441314,23,18.9,-3.53,57.67,7.85
missoula,90,US,1521438780,83,46.87,-114.0,35.6,1.92
sault sainte marie,1,CA,1521439200,34,46.49,-84.36,21.2,8.05
mpulungu,36,ZM,1521441316,96,-8.77,31.12,65.68,3.83
bukoba,76,TZ,1521441316,100,-1.33,31.81,67.75,7.96
mancheral,12,IN,1521441222,53,18.87,79.43,90.07,4.61
ostrovnoy,76,RU,1521441317,94,68.05,39.51,10.96,18.37
celmira,0,PA,1521441318,97,8.54,-82.8,73.78,2.71
kutum,0,SD,1521441318,18,14.2,24.66,64.15,7.18
namibe,88,AO,1521441319,100,-15.19,12.15,76.84,3.15
laguna,0,MX,1521441319,60,27.52,-110.01,58.57,3.04
sisimiut,36,GL,1521441320,78,66.94,-53.67,6.37,2.04
nanortalik,0,GL,1521441321,84,60.14,-45.24,35.26,50.13
katangli,64,RU,1521441321,94,51.71,143.23,13.57,23.96
tabat,12,ID,1521441322,60,-2.64,115.23,91.42,2.15
ahuimanu,90,US,1521439020,78,21.44,-157.84,75.2,10.29
bay saint louis,75,US,1521440160,94,30.31,-89.33,69.8,4.7
praia da vitoria,20,PT,1521435600,93,38.73,-27.07,59.0,9.64
kumo,0,NG,1521441324,57,10.05,11.21,64.15,4.38
conakry,40,GN,1521435600,88,9.52,-13.7,77.0,5.06
prince rupert,90,CA,1521439560,87,54.32,-130.32,42.8,2.24
vryburg,48,ZA,1521441325,87,-26.96,24.73,63.79,11.77
ambon,0,FR,1521439200,100,47.55,-2.56,26.6,4.7
lethem,0,GY,1521441327,60,3.38,-59.8,79.45,12.77
abha,0,SA,1521439200,26,18.22,42.5,71.6,9.17
pravda,56,BG,1521439200,92,43.16,25.69,30.2,4.7
heanor,90,GB,1521438600,68,53.01,-1.36,33.8,19.46
qalyub,0,EG,1521437400,26,30.18,31.21,71.6,4.7
concepcion,80,CO,1521441329,98,9.56,-73.66,72.88,1.7
kalmunai,20,LK,1521441330,79,7.42,81.82,85.39,7.74
jalu,0,LY,1521441300,64,29.03,21.55,55.42,2.93
port augusta,36,AU,1521439200,60,-32.49,137.76,71.6,12.75
chapleau,8,CA,1521441331,71,47.85,-83.4,0.52,4.83
shelburne,1,CA,1521439200,41,44.08,-80.2,28.4,8.05
itupiranga,40,BR,1521439200,100,-5.13,-49.33,77.0,6.29
yerbogachen,92,RU,1521441333,78,61.28,108.01,31.3,7.4
upernavik,48,GL,1521441333,99,72.79,-56.15,1.87,17.69
puerto escondido,0,MX,1521441334,100,15.86,-97.07,80.8,12.33
kamenka,0,RU,1521441334,63,53.19,44.05,0.34,4.27
guerrero negro,20,MX,1521441326,97,27.97,-114.04,55.51,13.0
kabinda,92,CD,1521441335,96,-6.14,24.49,68.83,4.61
neiafu,75,TO,1521439200,74,-18.65,-173.98,82.4,3.36
cayenne,90,GF,1521441000,94,4.94,-52.33,77.0,5.82
tongren,92,CN,1521441337,100,27.72,109.18,44.8,7.29
smithers,90,CA,1521439200,48,54.78,-127.17,42.8,3.36
ust-nera,8,RU,1521441339,68,64.57,143.24,-3.53,2.59
bull savanna,0,JM,1521441339,94,17.89,-77.59,65.86,2.37
kenai,90,US,1521438960,100,60.55,-151.26,35.6,6.93
poddorye,24,RU,1521441340,82,57.47,31.12,22.57,16.24
kokopo,32,PG,1521441340,100,-4.34,152.27,80.17,10.42
mount gambier,92,AU,1521441341,71,-37.83,140.78,67.03,10.76
port dickson,75,MY,1521439200,63,2.52,101.79,93.2,5.82
nizhniy tsasuchey,0,RU,1521441342,84,50.52,115.13,39.94,4.72
polignano a mare,20,IT,1521438900,87,41.0,17.22,48.2,2.24
conway,75,US,1521440100,100,35.09,-92.44,50.0,4.7
tete,80,MZ,1521441344,94,-16.16,33.59,73.24,4.16
kendari,20,ID,1521441345,84,-3.99,122.52,83.59,4.83
stephenville,1,US,1521440100,93,32.22,-98.2,66.2,13.11
teya,5,MX,1521438480,65,21.05,-89.07,80.6,17.22
sundargarh,0,IN,1521441346,33,22.12,84.04,89.71,6.17
launceston,75,AU,1521441000,48,-41.43,147.14,64.4,23.04
havre-saint-pierre,75,CA,1521440400,73,50.23,-63.6,23.0,13.87
balkhash,88,KZ,1521441347,98,46.84,74.98,35.08,4.5
svetlaya,68,RU,1521441348,100,46.54,138.33,28.06,18.37
yarim,0,YE,1521441348,50,14.3,44.38,64.33,2.93
kodinsk,0,RU,1521441349,63,58.6,99.18,39.85,4.38
ayagoz,88,KZ,1521441349,88,47.96,80.43,38.41,3.71
huarmey,8,PE,1521441350,92,-10.07,-78.15,61.9,1.81
parrita,0,CR,1521439200,68,9.52,-84.33,71.6,13.87
ca mau,36,VN,1521441350,67,9.18,105.15,89.62,9.42
dafeng,64,CN,1521441351,82,33.2,120.46,48.94,16.91
henties bay,20,NA,1521441351,99,-22.12,14.28,62.71,4.16
jingdezhen,80,CN,1521441352,83,29.29,117.2,59.02,10.2
knysna,75,ZA,1521439200,93,-34.04,23.05,64.4,6.93
teknaf,0,BD,1521441353,33,20.86,92.31,91.6,5.39
kaka,76,TM,1521441354,100,37.35,59.62,47.41,3.38
madhubani,0,IN,1521441354,26,26.36,86.07,90.52,5.95
cockburn town,100,TC,1521441355,100,21.46,-71.14,73.42,6.4
orocue,48,CO,1521441356,52,4.79,-71.34,81.79,4.61
ambanja,75,MG,1521439200,100,-13.68,48.45,80.6,2.24
birao,0,CF,1521441357,22,10.3,22.78,72.34,7.74
mikhaylovka,0,RU,1521441358,68,52.96,103.29,40.12,8.08
pomabamba,80,PE,1521441358,88,-8.82,-77.46,43.0,1.92
juneau,90,US,1521438960,100,58.3,-134.42,35.6,3.36
khuzhir,0,RU,1521441359,75,53.19,107.35,30.94,3.94
rovaniemi,0,FI,1521438600,78,66.5,25.72,15.8,11.41
nuuk,8,GL,1521438600,69,64.17,-51.74,33.8,10.29
wanning,75,AT,1521438600,67,48.64,13.53,21.2,9.17
beyneu,0,KZ,1521441361,65,45.32,55.19,50.74,4.72
tostedt,0,DE,1521438600,62,53.28,9.71,24.8,8.05
angoram,12,PG,1521441362,85,-4.06,144.07,86.11,3.6
legnica,20,PL,1521439200,61,51.21,16.17,17.6,6.93
nabire,36,ID,1521441363,72,-3.36,135.5,82.06,0.25
weligama,8,LK,1521441363,86,5.97,80.42,85.39,7.96
grindavik,75,IS,1521439200,93,63.84,-22.43,41.0,10.29
mawlaik,0,MM,1521441364,48,23.63,94.42,82.24,2.71
lensk,92,RU,1521441364,78,60.71,114.91,23.38,9.53
soanierana ivongo,0,MG,1521441365,86,-16.92,49.59,83.77,7.18
batemans bay,0,AU,1521441365,51,-35.71,150.18,79.45,2.59
limaong,75,PH,1521439200,66,7.36,122.37,89.6,4.7
mount isa,0,AU,1521439200,19,-20.73,139.49,98.6,12.75
poum,76,MK,1521441366,85,41.28,20.71,39.4,2.15
tchollire,8,CM,1521441367,64,8.4,14.17,70.27,2.59
puerto madero,0,AR,1521439200,67,-34.61,-58.36,60.8,5.82
belmonte,92,PT,1521441368,93,40.36,-7.35,37.24,2.93
phalaborwa,0,ZA,1521441368,82,-23.95,31.14,70.0,4.83
martapura,20,ID,1521441369,79,-3.41,114.85,86.02,6.96
vostok,64,RU,1521441370,56,46.45,135.83,15.37,7.85
pitimbu,20,BR,1521435600,88,-7.47,-34.81,73.4,6.51
beidao,24,CN,1521441370,77,34.57,105.89,51.46,3.94
galveston,1,US,1521438960,78,40.58,-86.19,37.4,5.82
la ciotat,0,FR,1521439200,96,43.17,5.6,46.4,21.92
gimli,48,CA,1521441372,86,50.63,-96.99,20.32,9.98
villarrobledo,56,ES,1521441373,97,39.27,-2.6,35.44,14.79
tsiroanomandidy,56,MG,1521441373,99,-18.77,46.05,70.99,4.16
yar-sale,44,RU,1521441374,79,66.83,70.83,-4.43,5.39
saldanha,92,PT,1521441214,97,41.42,-6.55,38.59,8.08
tezu,0,IN,1521441374,56,27.93,96.16,64.96,1.14
macusani,56,PE,1521441375,97,-14.07,-70.43,46.6,0.47
tumut,0,AU,1521441375,46,-35.3,148.22,68.56,4.94
barra do garcas,8,BR,1521441376,93,-15.89,-52.26,71.17,3.15
lufilufi,75,WS,1521435600,74,-13.87,-171.6,82.4,2.24
katsuura,75,JP,1521440340,100,33.93,134.5,53.6,4.7
pacific grove,1,US,1521438900,81,36.62,-121.92,48.2,3.36
agadir,0,MA,1521439200,87,30.42,-9.58,50.0,3.36
kibala,0,TD,1521439200,69,9.11,18.35,78.8,11.41
mitsamiouli,20,KM,1521439200,74,-11.38,43.28,86.0,2.24
la orilla,64,MX,1521441380,100,18.0,-102.23,68.47,1.25
shellbrook,90,CA,1521439200,78,53.22,-106.39,15.8,2.24
christchurch,64,NZ,1521439200,77,-43.53,172.64,64.4,10.29
longonjo,100,AO,1521441381,98,-12.91,15.25,61.99,3.49
mulanje,100,MW,1521441382,97,-16.03,35.5,69.55,2.71
roura,90,GF,1521441000,94,4.73,-52.33,77.0,5.82
rapid valley,90,US,1521440100,92,44.06,-103.15,28.4,21.92
ternate,20,PH,1521439200,49,14.29,120.72,91.4,13.87
braganca,80,BR,1521441384,89,-1.05,-46.77,77.38,3.38
ulaanbaatar,20,MN,1521441000,26,47.92,106.92,48.2,4.47
komsomolskiy,20,RU,1521441384,74,67.55,63.78,-11.81,7.74
toktogul,36,KG,1521441385,58,41.87,72.95,44.26,2.37
mana,75,RS,1521439200,80,43.52,20.24,39.2,10.29
santiago,0,CL,1521439200,62,-33.44,-70.65,59.0,2.24
alofi,92,NU,1521439200,83,-19.06,-169.92,80.6,2.24
grootfontein,92,NA,1521441388,98,-19.56,18.1,65.86,7.07
skibotn,40,NO,1521438600,74,69.39,20.27,28.4,14.99
goderich,0,CA,1521441389,78,43.74,-81.71,19.78,9.98
mayo,90,CA,1521439200,69,63.59,-135.9,33.8,3.36
khandyga,20,RU,1521441390,49,62.65,135.58,-2.9,3.6
pangnirtung,92,CA,1521441390,79,66.15,-65.72,6.64,3.15
lubango,76,AO,1521441391,98,-14.92,13.49,65.5,2.15
manacapuru,0,BR,1521441391,94,-3.3,-60.62,76.48,5.17
maningrida,76,AU,1521441391,100,-12.05,134.23,81.16,9.64
killybegs,44,IE,1521441392,100,54.63,-8.45,34.0,12.77
gari,8,RU,1521441393,50,59.43,62.35,8.53,12.44
san jose,0,PH,1521441395,52,15.79,120.99,88.54,3.04
hasaki,75,JP,1521439200,55,35.73,140.83,64.4,13.87
hervey bay,48,AU,1521441253,94,-25.3,152.85,79.0,9.75
harper,1,US,1521440100,81,30.3,-99.24,57.2,9.42
porto walter,8,BR,1521441229,96,-8.27,-72.74,74.5,1.14
vanavara,8,RU,1521441397,73,60.35,102.28,35.98,6.85
sinnamary,92,GF,1521441397,100,5.38,-52.96,77.47,9.64
sampit,8,ID,1521441398,70,-2.54,112.95,91.6,3.94
trelew,0,AR,1521441399,36,-43.25,-65.31,60.73,16.46
lavrentiya,88,RU,1521441399,91,65.58,-170.99,25.27,9.64
bandarbeyla,8,SO,1521441400,100,9.49,50.81,78.73,10.31
viedma,0,AR,1521441401,53,-40.81,-62.99,51.46,10.54
porto novo,0,BR,1521439200,94,-23.68,-45.44,69.8,2.24
magistralnyy,0,RU,1521441402,62,56.17,107.45,35.44,4.94
fuling,92,CN,1521441402,100,29.71,107.39,54.34,3.6
northam,24,GB,1521438600,68,51.04,-4.21,30.2,20.8
miri,0,NG,1521441403,57,10.31,9.75,61.54,2.93
anaconda,90,US,1521438780,79,46.13,-112.94,28.4,2.15
cascas,76,PE,1521441404,91,-7.48,-78.82,48.67,1.36
nakusp,88,CA,1521441405,89,50.24,-117.8,28.96,0.47
matay,0,EG,1521441405,34,28.42,30.79,68.47,9.19
palmer,75,AU,1521439200,64,-34.85,139.16,69.8,13.87
gympie,20,AU,1521441406,79,-26.2,152.66,78.19,4.94
batangafo,12,CF,1521441407,82,7.3,18.29,74.05,11.77
snina,90,SK,1521439200,92,48.99,22.16,24.8,4.47
isangel,0,VU,1521441261,100,-19.55,169.27,79.72,12.55
derzhavinsk,92,KZ,1521441228,100,51.1,66.31,36.34,21.72
nouakchott,12,MR,1521441408,84,18.08,-15.98,68.29,16.69
beberibe,40,BR,1521439200,83,-4.18,-38.13,80.6,4.7
hun,75,BE,1521438900,63,50.34,4.87,28.4,11.41
kirakira,92,SB,1521441410,100,-10.46,161.92,80.62,3.04
walvis bay,90,NA,1521435600,87,-22.95,14.51,59.0,2.24
maceio,0,BR,1521439200,88,-9.67,-35.74,73.4,2.24
xuanhua,32,CN,1521441411,52,40.61,115.04,45.07,3.71
harrisonville,90,US,1521440100,93,38.65,-94.35,44.6,12.75
kindu,80,CD,1521441412,85,-2.95,25.92,73.78,2.82
mpika,44,ZM,1521441413,80,-11.84,31.4,65.77,8.86
zalantun,0,CN,1521441413,54,48.0,122.72,33.64,3.71
sacramento,1,US,1521439080,81,38.58,-121.49,48.2,1.7
osorno,0,CL,1521441414,86,-40.57,-73.14,36.34,2.15
asyut,0,EG,1521435600,28,27.18,31.19,68.0,9.17
hukuntsi,44,BW,1521441415,75,-23.98,21.76,67.48,7.85
channel-port aux basques,68,CA,1521441416,100,47.57,-59.14,28.87,31.9
cairo,0,EG,1521437400,26,30.05,31.24,71.6,4.7
la ronge,5,CA,1521439200,65,55.1,-105.3,6.8,4.7
tromso,40,NO,1521438600,74,69.65,18.96,28.4,14.99
sivas,0,TR,1521438600,57,39.75,37.01,48.2,16.11
itarema,44,BR,1521441418,95,-2.92,-39.92,74.5,4.05
yoichi,75,JP,1521438300,100,43.19,140.77,32.0,23.04
sydney,0,AU,1521439200,54,-33.85,151.22,93.2,12.75
karabuk,90,TR,1521438600,93,41.2,32.63,48.2,8.05
sompeta,0,IN,1521441420,38,18.93,84.6,92.14,3.83
dindori,0,IN,1521441420,27,22.94,81.08,88.45,4.72
najran,0,SA,1521439200,16,17.54,44.22,78.8,2.24
kedougou,0,SN,1521435600,32,12.56,-12.19,82.4,2.82
tuy hoa,0,VN,1521441422,74,13.08,109.3,84.13,6.17
lahaina,1,US,1521439260,88,20.87,-156.68,69.8,26.4
bandar-e lengeh,0,IR,1521439200,36,26.56,54.88,77.0,6.93
steamboat springs,90,US,1521438960,92,40.48,-106.83,32.0,6.93
banda aceh,44,ID,1521441424,77,5.56,95.32,85.57,2.71
nantucket,1,US,1521438960,39,41.28,-70.1,28.4,10.29
comodoro rivadavia,0,AR,1521435600,41,-45.87,-67.48,60.8,35.57
san patricio,36,PY,1521441211,89,-26.98,-56.83,72.88,7.74
ornskoldsvik,0,SE,1521438600,74,63.29,18.72,33.8,9.17
ilam,0,IR,1521439200,36,33.64,46.42,55.4,6.93
xuddur,0,SO,1521441427,62,4.12,43.89,79.27,15.46
gushikawa,1,JP,1521439200,69,26.35,127.87,77.0,12.75
qinhuangdao,64,CN,1521441428,36,39.94,119.59,46.6,15.23
leirvik,75,NO,1521438600,100,59.78,5.5,35.6,1.12
vanderhoof,32,CA,1521441429,87,54.02,-124.02,28.51,3.38
bose,75,IT,1521438900,93,45.46,8.01,39.2,5.82
aswan,0,EG,1521435600,15,24.09,32.9,66.2,6.93
davila,20,PH,1521439200,59,18.47,120.58,89.6,6.93
gobabis,0,NA,1521439200,77,-22.45,18.97,69.8,2.24
bonthe,48,SL,1521441432,93,7.53,-12.5,77.29,3.71
pochutla,0,MX,1521441432,100,15.74,-96.47,79.0,11.65
sioux lookout,5,CA,1521439200,43,50.1,-91.92,17.6,3.36
hitchin,90,GB,1521438960,74,51.95,-0.28,32.0,13.87
wabash,1,US,1521438960,75,40.8,-85.82,37.4,5.82
tura,0,IN,1521441434,56,25.52,90.21,78.73,4.27
shelopugino,12,RU,1521441435,53,51.65,117.56,33.64,3.6
muskogee,90,US,1521440100,93,35.75,-95.37,55.4,12.75
bogorodskoye,12,RU,1521441436,40,52.37,140.44,13.93,10.76
guanica,48,PR,1521441436,100,17.97,-66.91,73.87,5.17
sabha,0,LY,1521441437,23,27.03,14.43,49.66,3.04
lautaro,0,CL,1521441438,90,-38.53,-72.44,42.01,4.61
leningradskiy,80,RU,1521441429,73,69.38,178.42,-6.05,10.54
alta floresta,20,BR,1521441438,96,-9.87,-56.08,73.96,2.04
winneba,0,GH,1521439200,83,5.35,-0.62,78.8,9.17
kota belud,75,MY,1521439200,66,6.35,116.43,91.4,4.7
waipawa,44,NZ,1521441350,69,-39.94,176.59,63.34,11.21
buluang,75,PH,1521439200,62,10.47,123.98,87.8,10.29
hirara,40,JP,1521439200,73,24.8,125.28,77.0,13.87
japura,24,ID,1521441442,71,-0.42,102.29,87.64,2.93
xining,12,CN,1521441442,45,36.62,101.77,44.44,9.75
winchester,90,GB,1521438600,68,51.06,-1.31,32.0,10.29
san rafael,0,AR,1521441445,43,-34.61,-68.33,43.72,2.26
lebyazhye,90,RU,1521439200,91,59.96,29.42,32.0,15.66
gberia fotombu,12,SL,1521441446,78,9.88,-11.17,71.89,8.75
wahiawa,40,US,1521439020,83,21.5,-158.02,75.2,6.93
pringsewu,24,ID,1521441447,94,-5.36,104.98,81.34,2.48
sumbe,36,AO,1521441447,100,-11.2,13.84,77.2,5.06
micheweni,48,TZ,1521441448,100,-4.97,39.83,80.44,11.99
chulman,0,RU,1521441449,38,56.84,124.9,9.88,5.73
ganzhou,92,CN,1521441449,94,25.86,114.93,59.83,5.95
ruteng,20,ID,1521441450,100,-8.61,120.46,77.47,3.6
havelock,1,US,1521439080,93,34.88,-76.9,46.4,8.19
bijie,92,CN,1521441451,99,27.3,105.3,48.67,6.96
la paz,5,MX,1521438000,72,24.15,-110.32,62.6,3.36
tevaitoa,80,PF,1521441452,100,-16.78,-151.5,81.52,15.57
booue,88,GA,1521441453,98,-0.09,11.94,73.69,2.59
rio grande,0,BR,1521441214,96,-32.03,-52.1,66.58,22.62
ormara,0,PK,1521441454,82,25.21,64.64,76.93,1.92
filimonovo,0,RU,1521441455,78,54.21,39.6,6.91,10.76
shenkursk,8,RU,1521441455,72,62.11,42.91,27.7,9.86
tarko-sale,92,RU,1521441456,91,64.92,77.78,18.88,15.46
oranjestad,40,AW,1521439200,88,12.52,-70.03,77.0,16.11
elverum,8,NO,1521441457,72,60.88,11.56,18.79,5.39
bay roberts,90,CA,1521439200,86,47.58,-53.28,28.4,25.28
kiama,0,AU,1521439200,7,-34.67,150.86,89.6,16.11
tsogni,44,GA,1521441458,100,-2.79,10.1,80.98,2.48
maniitsoq,8,GL,1521441459,50,65.42,-52.9,22.84,5.17
nioro,0,GM,1521441459,33,13.79,-15.05,70.81,10.54
yangshan,48,CN,1521441460,45,31.68,103.77,47.86,1.14
tual,24,ID,1521441461,100,-5.67,132.75,85.39,8.3
gamba,0,CN,1521441461,58,28.28,88.52,22.12,0.69
lokoja,12,NG,1521441462,83,7.8,6.74,77.38,9.98
bucerias,5,MX,1521438000,100,20.76,-105.33,68.0,12.1
atakpame,0,TG,1521441463,94,7.53,1.13,70.99,3.49
tandlianwala,0,PK,1521441463,61,31.03,73.13,79.27,7.96
plettenberg bay,88,ZA,1521441464,100,-34.05,23.37,64.69,10.65
ayan,32,TR,1521441464,67,40.67,33.6,48.22,6.96
port hardy,5,CA,1521439200,86,50.7,-127.42,37.4,4.38
coihaique,68,CL,1521439200,66,-45.58,-72.07,51.8,6.93
nhulunbuy,75,AU,1521439200,74,-12.18,136.78,84.2,9.17
zabid,0,YE,1521441466,50,14.2,44.5,64.33,2.93
yumen,24,CN,1521441394,72,40.29,97.04,46.06,17.47
pedasi,44,PA,1521441466,98,7.53,-80.03,77.65,13.0
bud,90,NO,1521438600,98,62.91,6.91,37.4,16.11
omboue,80,GA,1521441467,100,-1.57,9.26,82.42,5.73
san quintin,20,PH,1521439200,59,17.54,120.52,89.6,6.93
jaisinghnagar,24,IN,1521441468,30,23.63,78.57,89.8,8.75
huambo,92,AO,1521441468,97,-12.78,15.73,60.46,2.71
sur,0,OM,1521441343,86,22.57,59.53,77.83,6.4
aromashevo,76,RU,1521441469,100,56.86,68.64,28.51,26.53
mazamet,90,FR,1521439200,93,43.49,2.38,39.2,4.7
poya,20,NC,1521441470,98,-21.35,165.16,76.75,14.56
houma,76,CN,1521441471,57,35.63,111.36,50.56,3.71
canalete,100,CO,1521441471,98,8.79,-76.24,79.9,8.52
ballitoville,0,ZA,1521441472,77,-29.54,31.21,69.28,6.17
cortes,76,PH,1521441473,88,9.28,126.19,79.27,3.6
nouadhibou,0,MR,1521439200,77,20.93,-17.03,62.6,24.16
cairns,75,AU,1521439200,88,-16.92,145.77,78.8,13.87
hualmay,8,PE,1521441474,93,-11.1,-77.61,64.24,0.36
kidal,0,ML,1521441474,18,18.44,1.41,62.26,10.09
meulaboh,44,ID,1521441475,100,4.14,96.13,82.78,3.6
umm kaddadah,0,SD,1521441476,14,13.6,26.69,68.56,7.29
san policarpo,12,PH,1521441401,92,12.18,125.51,83.41,8.41
dabhol,0,IN,1521441476,76,17.6,73.17,86.29,1.92
paoua,20,CF,1521441477,74,7.24,16.43,74.32,14.0
lodja,92,CD,1521441477,98,-3.52,23.6,70.54,3.15
khorramshahr,0,IR,1521439200,35,30.43,48.18,71.6,6.93
rajnagar,0,BD,1521441478,82,24.52,91.87,83.59,4.38
morondava,12,MG,1521441479,81,-20.3,44.28,84.22,3.71
los llanos de aridane,75,ES,1521439200,72,28.66,-17.92,64.4,6.93
ploemeur,0,FR,1521439200,92,47.73,-3.43,28.4,2.24
otavi,76,NA,1521441480,97,-19.64,17.34,65.59,6.85
praia,0,BR,1521439200,88,-20.25,-43.81,68.0,3.36
pemba,56,MZ,1521441419,100,-12.97,40.52,81.52,5.73
noumea,76,NC,1521441000,94,-22.28,166.46,75.2,6.93
indian head,88,CA,1521441483,91,50.53,-103.67,25.54,7.29
ciudad bolivar,0,VE,1521441483,53,8.12,-63.55,76.84,12.77
kaiyuan,0,CN,1521441484,87,42.54,124.04,30.85,14.0
bhadravati,0,IN,1521441484,51,20.11,79.12,91.69,4.61
senador guiomard,0,BR,1521439200,88,-10.15,-67.74,73.4,3.36
taree,0,AU,1521439200,69,-31.91,152.46,80.6,12.75
pechenga,88,RU,1521441486,87,58.89,41.46,24.19,18.14
arlit,0,NE,1521441294,30,18.74,7.39,57.76,3.71
bridlington,56,GB,1521438600,64,54.08,-0.19,33.8,16.11
kalispell,90,US,1521438900,86,48.2,-114.32,37.4,12.75
